{
  "hash": "37412eb6",
  "configHash": "7579e2c6",
  "lockfileHash": "a0ebce8e",
  "browserHash": "5320bd0e",
  "optimized": {
    "@angular/common": {
      "src": "../../../../../node_modules/@angular/common/fesm2022/common.mjs",
      "file": "@angular_common.js",
      "fileHash": "ff8611a1",
      "needsInterop": false
    },
    "@angular/common/http": {
      "src": "../../../../../node_modules/@angular/common/fesm2022/http.mjs",
      "file": "@angular_common_http.js",
      "fileHash": "fdec9085",
      "needsInterop": false
    },
    "@angular/core": {
      "src": "../../../../../node_modules/@angular/core/fesm2022/core.mjs",
      "file": "@angular_core.js",
      "fileHash": "441fe0b9",
      "needsInterop": false
    },
    "@angular/forms": {
      "src": "../../../../../node_modules/@angular/forms/fesm2022/forms.mjs",
      "file": "@angular_forms.js",
      "fileHash": "9a41d580",
      "needsInterop": false
    },
    "@angular/platform-browser": {
      "src": "../../../../../node_modules/@angular/platform-browser/fesm2022/platform-browser.mjs",
      "file": "@angular_platform-browser.js",
      "fileHash": "3a2e328e",
      "needsInterop": false
    },
    "@angular/router": {
      "src": "../../../../../node_modules/@angular/router/fesm2022/router.mjs",
      "file": "@angular_router.js",
      "fileHash": "461827d5",
      "needsInterop": false
    },
    "rxjs/operators": {
      "src": "../../../../../node_modules/rxjs/dist/esm5/operators/index.js",
      "file": "rxjs_operators.js",
      "fileHash": "8e608723",
      "needsInterop": false
    }
  },
  "chunks": {
    "chunk-GHNIREQJ": {
      "file": "chunk-GHNIREQJ.js"
    },
    "chunk-UP4FZB4V": {
      "file": "chunk-UP4FZB4V.js"
    },
    "chunk-QCD7R6WY": {
      "file": "chunk-QCD7R6WY.js"
    },
    "chunk-MLEBUH3X": {
      "file": "chunk-MLEBUH3X.js"
    },
    "chunk-OA3ZIIAD": {
      "file": "chunk-OA3ZIIAD.js"
    }
  }
}